document_id,document_description,user_id,user_type,image_url,uploaded_at,expired
"1","الفراء انهم أستسلم.","1","store","https://loremflickr.com/1938/1739?lock=1743553336233287","2025-05-13T02:49:48.244Z","true"
"2","بسرعة متأخر يفحص آلام ليونة أجوف ربط ولا كلب.","1","store","https://picsum.photos/seed/ZpK6mpXHI/2551/580","2025-05-13T05:05:30.751Z","true"
"3","مِرفَق فليكن ضيق اخترت مكعب أقدر الموسم.","1","store_Payments","https://loremflickr.com/2172/3861?lock=8922735858253841","2025-05-13T14:29:55.432Z","true"
"4","الخصم يحل جهاز اكثر أرض المحسنات خط كبير.","1","store","https://picsum.photos/seed/gtsk5Czw/893/3992","2025-05-13T02:04:20.632Z","true"
"5","رابطة زيادة إنني آتي سلسلة ذيل.","1","partner","https://loremflickr.com/1492/472?lock=956893333812460","2025-05-13T06:34:55.494Z","true"
"6","صندوق ضد اضفت تبني يبعد تتدفق جمهور بلطف مخمن.","1","store_Payments","https://picsum.photos/seed/x2eXrESJPv/593/23","2025-05-13T09:04:01.867Z","true"
"7","ممتع خادمة منتصف ليّن رفض صامت كان علي ابن.","1","store_Payments","https://picsum.photos/seed/2zoYItm/2790/857","2025-05-13T00:16:09.055Z","true"
"8","كما هو قادم مزيج سمحت جمع وحشي مشرق مدح مراعاة.","1","partner","https://picsum.photos/seed/FyNBVP8hpE/1185/3948","2025-05-13T17:10:55.088Z","true"
"9","اقود هي في سيارة تعرُّف أطير يحفظ أسقط لذا رابطة.","1","store","https://picsum.photos/seed/TW8RE57zS/3138/1533","2025-05-13T14:25:06.828Z","true"
"10","رأس دعه ركن طبقة عضوية بكثرة.","1","partner_Payments","https://loremflickr.com/3192/3002?lock=203164518984597","2025-05-12T18:39:34.516Z","true"
"11","عدد يتمتع نجمة القيء آكل أخضر واسع ساحقة الحال مدينة.","1","customer","https://loremflickr.com/2329/1588?lock=8339334594955729","2025-05-13T16:30:50.822Z","true"
"12","تم الأليف بجوار ماذا ذلك.","1","store_Payments","https://loremflickr.com/1755/2216?lock=7893723070140571","2025-05-13T11:48:55.677Z","true"
"13","إمضاء قطة تهور مبروك أنمو ينظف.","1","partner","https://loremflickr.com/3976/3084?lock=8918791710819212","2025-05-13T07:32:41.930Z","false"
"14","رمي خلف عريض عدالة فوق للرفض مجمع محفوظ انتهاء.","1","customer","https://loremflickr.com/3372/909?lock=3714388580561236","2025-05-12T20:52:50.092Z","true"
"15","زيادة برونز ادافع.","1","customer","https://picsum.photos/seed/HNyFEJAoB/2953/3398","2025-05-13T05:08:04.676Z","false"
"16","الجبر تواصل طويل شروط نكون نفسه.","1","partner_Payments","https://picsum.photos/seed/vDboL/2/3690","2025-05-13T08:20:15.379Z","true"
"17","فائدة مرآة يكلف غالباً لوت اجد غائب جهاز.","1","partner","https://picsum.photos/seed/RZG576uM/197/3432","2025-05-13T02:52:37.473Z","false"
"18","معماري التفاضل صيف تقطر أو الاقتراع اضفت المحسنات عاصف صحيح.","1","store_Payments","https://picsum.photos/seed/gvh1pW7UMV/3517/1809","2025-05-13T12:30:46.465Z","true"
"19","زوجة إنني يجب بدأت.","1","partner_Payments","https://loremflickr.com/3373/2190?lock=819736037360473","2025-05-13T10:24:31.704Z","false"
"20","مواطنون صدقة قصير أساس أقسم أفضل مستقر.","1","partner_Payments","https://loremflickr.com/1671/2326?lock=923852333459420","2025-05-13T04:24:03.729Z","false"
"21","مضيف عاقل السرج فحم ويفر يزيل حلاق نجح.","1","store","https://loremflickr.com/740/2742?lock=3585670748708511","2025-05-13T01:38:51.003Z","true"
"22","يفعل الاقتراع محفوظ يتمتع وَرَاءَ إنه يكلف النهر.","1","customer","https://picsum.photos/seed/ZtUwe/3158/2094","2025-05-13T05:28:10.400Z","true"
"23","الة بقرة الغزل مزيج رياح يقود جيد تملق.","1","partner","https://loremflickr.com/597/1803?lock=7577622240268681","2025-05-13T10:14:22.314Z","false"
"24","وأود انتهاء مستمر.","1","store","https://picsum.photos/seed/YHpRHU9x/1187/2563","2025-05-13T09:44:21.803Z","true"
"25","يفترض يسير كيك فشيأ.","1","store_Payments","https://loremflickr.com/1285/220?lock=8596026365419144","2025-05-12T19:38:51.081Z","false"
"26","الأكثر يفتح سيل الموجة فقط مواطنة ثالاسانوس.","1","customer","https://picsum.photos/seed/TkegACQRkb/3953/2851","2025-05-13T08:25:26.529Z","false"
"27","اسمنت مواطنة رجولي الحضارة أخت بداهة.","1","partner_Payments","https://picsum.photos/seed/L7CWe/2617/2882","2025-05-12T22:51:06.599Z","true"
"28","أُطرُوحَة تذوق جهاز يتقدم باتجاه اصرخ انعش جسم.","1","partner_Payments","https://picsum.photos/seed/a01wvekbD/1005/578","2025-05-13T16:49:51.504Z","true"
"29","مائة لحية يتعلم متشوق تحمل.","1","store","https://picsum.photos/seed/UL7SZ8q/386/3282","2025-05-13T02:07:17.126Z","true"
"30","شراب قديم زال اختراعات منتج يعبر.","1","customer","https://loremflickr.com/871/442?lock=2050772177859469","2025-05-13T10:36:10.112Z","true"
"31","الوصول لكن ديون ملعقة أن أغنية فائدة طالب.","1","customer","https://picsum.photos/seed/yEEkaKVZ2/1414/83","2025-05-13T16:15:17.643Z","true"
"32","فضائي شيأ يفترض ذهبي يستوعب تعتاد.","1","store_Payments","https://picsum.photos/seed/ObUvc/3345/2260","2025-05-13T12:50:43.944Z","true"
"33","الحياة كلمة لذلك.","1","store","https://picsum.photos/seed/1cYnf7X/738/3976","2025-05-13T05:51:09.041Z","false"
"34","أميل حاضر قصير منحن ارباح أقوي يدق في.","1","store_Payments","https://loremflickr.com/305/2399?lock=4995190579806781","2025-05-12T23:09:10.076Z","false"
"35","سلب صوت شجرة أدعم تبعًا الجنون.","1","customer","https://picsum.photos/seed/GyMaS6/732/2251","2025-05-13T06:53:31.135Z","true"
"36","سماء لكن رسمي ازعم الموعد مائة النهر حضن.","1","store","https://loremflickr.com/1283/871?lock=6064042274508841","2025-05-13T06:11:29.918Z","true"
"37","جمهور موافق هذا حجرة ابرم قف مرحبًا عشاء الجنون.","1","store","https://picsum.photos/seed/1XuQ5yf2Nw/3301/3655","2025-05-13T12:13:36.220Z","false"
"38","برونز أسمع و محبوب يسير رهيب.","1","partner_Payments","https://picsum.photos/seed/Puff1A6/3514/2263","2025-05-13T12:00:51.219Z","true"
"39","شيء كافٍ يتذكر تستوعب نتهم للمتابعة أثاث.","1","partner","https://picsum.photos/seed/cs2rl/762/3633","2025-05-13T05:53:48.317Z","true"
"40","مريح سلب امراء ثم المد نسر.","1","store_Payments","https://picsum.photos/seed/19ek4K8B6/3399/3912","2025-05-12T18:09:49.391Z","true"
"41","نفع الحمدون مساء المحيط حضن.","1","store","https://picsum.photos/seed/Gxa0SUqxhI/3878/2581","2025-05-13T02:19:23.155Z","true"
"42","يساهم مساء المختارون أطير يأسر.","1","partner","https://picsum.photos/seed/d5WgEppMb9/1490/946","2025-05-12T23:37:22.291Z","true"
"43","محل يفصل ليونة جري الضرورات ينظف ثلاثة امن.","1","partner","https://picsum.photos/seed/ZDE1hLu/1855/3137","2025-05-13T12:46:10.138Z","false"
"44","اليقظة أسمع عباس عمة والنسيج ملاك التسلق سهل.","1","store","https://loremflickr.com/628/969?lock=1088021537284521","2025-05-13T02:25:24.737Z","false"
"45","اللطف عزيزتي مبروك مشرق ماهر حجرة صوت أخيرا كرمة.","1","customer","https://picsum.photos/seed/WImsFE/1393/3926","2025-05-13T03:22:47.529Z","false"
"46","السماوي هنا يتبنى تصدع صديق جمال يكون مرسوم ساطع والتكامل.","1","customer","https://loremflickr.com/2180/2227?lock=4208952200717189","2025-05-13T11:50:43.013Z","true"
"47","تبعًا امن حضن وسعنا.","1","store","https://picsum.photos/seed/bD7jU/2651/2295","2025-05-13T05:47:09.050Z","false"
"48","قميص كومة القوي غرفة سهم رياح متطور عفوية.","1","store","https://picsum.photos/seed/eeKlKC/1327/2849","2025-05-13T16:29:48.837Z","false"
"49","اخترت متشوق تبني مريح آلام أبدًا.","1","store_Payments","https://picsum.photos/seed/nDPHWbH/645/2443","2025-05-13T16:13:59.434Z","false"